Project number,The data,Region,Granted support,Electricity consumption of the grid,Primary energy consumption before ,Current inverter set power,Inverter power in project,Electricity produced by solar panels,Primary energy consumption after ,Reduction of primary energy,CO2 emissions reduction
PME2-2060,03.04.2023,Rīga,4000,4.65,11.63,0,10,9.09,-2.01,13.64,0.99
PME2-1942,03.04.2023,Latgale,3500,8.21,20.53,0,8,8.21,8.21,12.32,0.89
PME2-2058,03.04.2023,Vidzeme,1800,3.52,8.8,0,3,3,4.3,4.5,0.33
PME2-2035,02.04.2023,Vidzeme,4000,10.9,27.25,0,11.7,10.55,11.43,15.83,1.15
PME2-2007,01.04.2023,Rīga,4000,14.28,35.7,0,10,8.7,22.65,13.05,0.95
PME2-2050,30.03.2023,Rīga,4000,4.79,11.98,0,10,6.44,2.32,9.66,0.7
PME2-2021,30.03.2023,Rīga,4000,7.87,19.68,0,11.34,10,4.68,15,1.09
PME2-2003,29.03.2023,Rīga,4000,13.91,34.78,0,10,13.8,14.08,20.7,1.5
PME2-2028,28.03.2023,Kurzeme,4000,16.41,41.03,0,11,12.87,21.72,19.31,1.4
PME2-2030,27.03.2023,Rīga,700,4.04,10.1,3.75,4.2,4.87,2.8,7.31,0.53
PME2-2000,27.03.2023,Zemgale,4000,5.06,12.65,0,6,6.13,3.46,9.2,0.67
PME2-2027,27.03.2023,Latgale,2200,1.91,4.78,0,4,4,-1.23,6,0.44
PME2-2024,27.03.2023,Rīga,3500,5.62,14.05,0,8,5,6.55,7.5,0.55
PME2-1998,27.03.2023,Rīga,4000,13.2,33,0,10,10,18,15,1.09
PME2-2005,26.03.2023,Kurzeme,3500,7.63,19.08,0,8,8.6,6.18,12.9,0.94
PME2-2020,26.03.2023,Rīga,2800,4.67,11.68,0,6,5.31,3.71,7.97,0.58
PME2-1989,24.03.2023,Rīga,4000,10.84,27.1,0,10,11.04,10.54,16.56,1.2
PME2-2011,23.03.2023,Kurzeme,2800,2.87,7.18,0,6.7,7.5,-4.08,11.25,0.82
PME2-1987,21.03.2023,Latgale,2500,4.57,11.43,0,5,4.7,4.38,7.05,0.51
PME2-1999,20.03.2023,Rīga,3500,7.29,18.23,0,8,7.04,7.67,10.56,0.77
PME2-1986,17.03.2023,Kurzeme,3500,3.1,7.75,0,8,7.68,-3.77,11.52,0.84
PME2-1895,17.03.2023,Rīga,1800,6.27,15.68,0,3.68,3.77,10.02,5.66,0.41
PME2-1991,17.03.2023,Zemgale,4000,2.83,7.08,0,10,8.3,-5.38,12.45,0.9
PME2-1990,16.03.2023,Rīga,2800,4.63,11.58,0,6,4.8,4.38,7.2,0.52
PME2-1953,16.03.2023,Rīga,3500,7.26,18.15,0,8,8.11,5.99,12.17,0.88
PME2-1983,14.03.2023,Rīga,2200,7.6,19,0,4,2.54,15.19,3.81,0.28
PME2-1973,14.03.2023,Rīga,3500,5.95,14.88,0,8,7.8,3.18,11.7,0.85
PME2-1965,14.03.2023,Rīga,4000,21.08,52.7,0,11.1,12,34.7,18,1.31
PME2-1892,14.03.2023,Rīga,1800,5.77,14.43,0,3.68,4.68,7.41,7.02,0.51
PME2-1971,14.03.2023,Rīga,4000,3.13,7.83,0,10,7.8,-3.88,11.7,0.85
PME2-1979,11.03.2023,Kurzeme,3800,8.59,21.48,0,9,9.93,6.58,14.9,1.08
PME2-1972,10.03.2023,Rīga,3500,6.4,16,0,8,6.23,6.66,9.35,0.68
PME2-1966,09.03.2023,Rīga,2200,5.44,13.6,0,4,4.05,7.53,6.08,0.44
PME2-1961,08.03.2023,Rīga,3500,6.63,16.58,0,8,8.69,3.54,13.04,0.95
PME2-1968,08.03.2023,Vidzeme,2500,9.23,23.08,6,11,5.67,14.57,8.51,0.62
PME2-1955,07.03.2023,Zemgale,4000,4.42,11.05,0,11,9.98,-3.92,14.97,1.09
PME2-1956,06.03.2023,Rīga,4000,1.67,4.18,0,10,5.21,-3.64,7.82,0.57
PME2-1959,05.03.2023,Rīga,2800,4.67,11.68,0,6,5.3,3.73,7.95,0.58
PME2-1957,04.03.2023,Zemgale,2800,2.14,5.35,0,6,6.18,-3.92,9.27,0.67
PME2-1898,05.03.2023,Rīga,1400,3.66,9.15,0,2.2,3.05,4.58,4.58,0.33
PME2-1878,03.03.2023,Rīga,3200,1.59,3.98,0,7.6,9.98,-11,14.97,1.09
PME2-1939,01.03.2023,Rīga,3500,13.07,32.68,0,8,8.1,20.53,12.15,0.88
PME2-1916,01.03.2023,Rīga,4000,4.82,12.05,0,10,10.3,-3.4,15.45,1.12
PME2-1864,01.03.2023,Rīga,4000,7.7,19.25,0,11,12,1.25,18,1.31
PME2-1938,28.02.2023,Vidzeme,3500,7.89,19.73,0,8,8.17,7.47,12.26,0.89
PME2-1907,28.02.2023,Rīga,4000,10.49,26.23,0,11,10.71,10.16,16.07,1.17
PME2-1937,28.02.2023,Rīga,4000,8.42,21.05,0,10,8.69,8.02,13.04,0.95
PME2-1537,27.02.2023,Kurzeme,3500,5.35,13.38,0,8.8,8.27,0.97,12.41,0.9
PME2-1921,27.02.2023,Zemgale,4000,6.82,17.05,0,10,8.3,4.6,12.45,0.9
PME2-1934,26.02.2023,Rīga,3500,7.32,18.3,0,8,7.8,6.6,11.7,0.85
PME2-1913,24.02.2023,Kurzeme,4000,9.77,24.43,0,10,10.17,9.17,15.26,1.11
PME2-1928,24.02.2023,Rīga,4000,10.76,26.9,0,11.1,10.4,11.3,15.6,1.13
PME2-1932,24.02.2023,Rīga,4000,11.14,27.85,0,10,9.5,13.6,14.25,1.04
PME2-1927,24.02.2023,Kurzeme,4000,3.69,9.23,0,11.1,11.65,-8.25,17.48,1.27
PME2-1918,24.02.2023,Rīga,2500,3.22,8.05,0,5.4,4.86,0.76,7.29,0.53
PME2-1919,23.02.2023,Zemgale,1800,5.26,13.15,0,3.68,4.05,7.08,6.08,0.44
PME2-1904,21.02.2023,Rīga,3200,6.71,16.78,0,7.68,6.97,6.32,10.46,0.76
PME2-1890,21.02.2023,Latgale,4000,3.36,8.4,0,10,8.7,-4.65,13.05,0.95
PME2-1910,18.02.2023,Rīga,2800,3.83,9.58,0,6,5.5,1.33,8.25,0.6
PME2-1905,17.02.2023,Rīga,3500,5.43,13.58,0,8,6.9,3.23,10.35,0.75
PME2-1894,14.02.2023,Rīga,4000,11.46,28.65,0,10,12.64,9.69,18.96,1.38
PME2-1862,15.02.2023,Zemgale,4000,6.34,15.85,0,10,8.23,3.51,12.35,0.9
PME2-1869,14.02.2023,Rīga,4000,4.71,11.78,0,11.1,9.9,-3.08,14.85,1.08
PME2-1893,14.02.2023,Rīga,2800,1.7,4.25,0,6,4.29,-2.19,6.44,0.47
PME2-1889,14.02.2023,Zemgale,3500,3.22,8.05,0,8,8.6,-4.85,12.9,0.94
PME2-1806,06.02.2023,Rīga,3800,4.19,10.48,0,9,3.78,4.81,5.67,0.41
PME2-1615,03.02.2023,Rīga,4000,7.91,19.78,0,10,11.9,1.93,17.85,1.3
PME2-1866,03.02.2023,Zemgale,2500,4.04,10.1,0,5,6.43,0.46,9.65,0.7
PME2-1874,03.02.2023,Rīga,4000,10.7,26.75,0,11.1,11.81,9.04,17.72,1.29
PME2-1858,01.02.2023,Kurzeme,4000,4.67,11.68,0,11.1,11.65,-5.8,17.48,1.27
PME2-1867,31.01.2023,Zemgale,4000,10.44,26.1,0,11.1,11,9.6,16.5,1.2
PME2-1840,27.01.2023,Rīga,4000,11.15,27.88,0,10.25,10.5,12.13,15.75,1.14
PME2-1848,25.01.2023,Rīga,4000,3,7.5,0,10,10,-7.5,15,1.09
PME2-1857,24.01.2023,Rīga,4000,4.98,12.45,0,11.1,10.5,-3.3,15.75,1.14
PME2-1690,19.01.2023,Rīga,4000,11,27.5,0,10,12.41,8.89,18.62,1.35
PME2-1836,19.01.2023,Kurzeme,4000,10.57,26.43,0,10,11.06,9.84,16.59,1.21
PME2-1844,19.01.2023,Vidzeme,3200,2.1,5.25,3.8,11.1,6.41,-4.37,9.62,0.7
PME2-1843,19.01.2023,Rīga,3500,5.17,12.93,0,8.5,8.1,0.78,12.15,0.88
PME2-1559,19.01.2023,Rīga,4000,18.06,45.15,0,11.1,14.23,23.81,21.35,1.55
PME2-1837,18.01.2023,Rīga,3500,4.43,11.08,0,8,6.9,0.72,10.35,0.75
PME2-1831,17.01.2023,Rīga,4000,12.99,32.48,0,11.1,13.68,11.96,20.52,1.49
PME2-1832,17.01.2023,Latgale,3500,4.65,11.63,0,8,7.08,1.01,10.62,0.77
PME2-1761,28.12.2022,Rīga,4000,3.58,8.95,0,11.1,9.42,-5.18,14.13,1.03
PME2-1818,16.01.2023,Rīga,3500,4.17,10.43,0,8,7.1,-0.23,10.65,0.77
PME2-1814,13.01.2023,Zemgale,1400,4.04,10.1,8.5,11.1,2.65,6.13,3.98,0.29
PME2-1659,13.01.2023,Rīga,4000,2,5,0,5.5,3,0.5,4.5,0.33
PME2-1827,13.01.2023,Rīga,4000,11.47,28.68,0,10,9.61,14.26,14.42,1.05
PME2-1813,12.01.2023,Rīga,2800,4.62,11.55,0,6.75,5.79,2.87,8.69,0.63
PME2-1785,12.01.2023,Rīga,3500,7.62,19.05,0,8.5,6.8,8.85,10.2,0.74
PME2-1820,11.01.2023,Rīga,4000,8.9,22.25,0,10,10.72,6.17,16.08,1.17
PME2-1823,11.01.2023,Rīga,4000,10.1,25.25,1.1,11.1,6,16.25,9,0.65
PME2-1817,10.01.2023,Rīga,4000,6.88,17.2,0,11.1,8.82,3.97,13.23,0.96
PME2-1819,10.01.2023,Rīga,1800,2.5,6.25,0,3,2.69,2.22,4.04,0.29
PME2-1810,09.01.2023,Rīga,3500,2.81,7.03,0,8,4.9,-0.33,7.35,0.53
PME2-1811,09.01.2023,Rīga,3500,4.67,11.68,0,8,8.1,-0.48,12.15,0.88
PME2-1763,09.01.2023,Zemgale,2800,2.85,7.13,0,6,5.53,-1.17,8.3,0.6
PME2-1804,09.01.2023,Rīga,2800,7.83,19.58,0,6.2,4.43,12.93,6.65,0.48
PME2-1802,08.01.2023,Kurzeme,2800,6.69,16.73,0,6,6.7,6.68,10.05,0.73
PME2-1706,08.01.2023,Rīga,4000,5.04,12.6,0,10,6.1,3.45,9.15,0.66
PME2-1547,04.01.2023,Latgale,4000,8.75,21.88,0,11,10.7,5.83,16.05,1.17
PME2-1788,01.01.2023,Rīga,2800,5.01,12.53,0,6,6.75,2.4,10.13,0.74
PME2-1776,29.12.2022,Rīga,4000,6.89,17.23,0,11.1,11.97,-0.73,17.96,1.3
PME2-1779,23.12.2022,Rīga,2500,2.62,6.55,0,5,5.32,-1.43,7.98,0.58
PME2-1777,23.12.2022,Rīga,3800,9.6,24,1,10,6,15,9,0.65
PME2-1778,22.12.2022,Rīga,2800,3.84,9.6,0,6,5.05,2.03,7.58,0.55
PME2-1768,21.12.2022,Zemgale,4000,2.4,6,0,11.1,12,-12,18,1.31
PME2-1775,20.12.2022,Vidzeme,3500,1.58,3.95,0,8,7.38,-7.12,11.07,0.8
PME2-1767,15.12.2022,Vidzeme,4000,5.09,12.73,0,10,9.9,-2.13,14.85,1.08
PME2-1701,14.12.2022,Kurzeme,2500,4.86,12.15,0,5,5.8,3.45,8.7,0.63
PME2-1598,13.12.2022,Rīga,3500,3.25,8.13,0,8,5.16,0.39,7.74,0.56
PME2-1634,13.12.2022,Vidzeme,4000,29.23,73.08,0,10,11,56.58,16.5,1.2
PME2-1755,11.12.2022,Rīga,4000,5.53,13.83,0,10,5.08,6.21,7.62,0.55
PME2-1744,07.12.2022,Rīga,4000,17.6,44,0,11.1,10,29,15,1.09
PME2-1739,06.12.2022,Rīga,2200,1.9,4.75,0,4.5,4.7,-2.3,7.05,0.51
PME2-1660,05.12.2022,Latgale,4000,3.06,7.65,0,10,6.77,-2.51,10.16,0.74
PME2-1510,04.12.2022,Kurzeme,1800,5.33,13.33,0,3.6,3.5,8.08,5.25,0.38
PME2-1731,03.12.2022,Rīga,4000,9.46,23.65,0,11.02,10.27,8.25,15.41,1.12
PME2-1730,02.12.2022,Rīga,4000,2.72,6.8,0,10.8,11.34,-10.21,17.01,1.24
PME2-1548,02.12.2022,Rīga,4000,17.46,43.65,0,10,11.22,26.82,16.83,1.22
PME2-1718,30.11.2022,Vidzeme,4000,10.32,25.8,0,10,7.2,15,10.8,0.78
PME2-1707,30.11.2022,Rīga,2800,4.72,11.8,0,6.8,6.12,2.62,9.18,0.67
PME2-1698,29.11.2022,Rīga,4000,2.25,5.63,0,11,8.73,-7.47,13.1,0.95
PME2-1713,29.11.2022,Rīga,2500,4.57,11.43,0,5.32,5.05,3.85,7.58,0.55
PME2-1705,27.11.2022,Rīga,2200,5.41,13.53,0,4,3.58,8.16,5.37,0.39
PME2-1697,25.11.2022,Zemgale,2800,5.64,14.1,0,6,4.5,7.35,6.75,0.49
PME2-1688,25.11.2022,Zemgale,4000,9.91,24.78,0,11,10,9.78,15,1.09
PME2-1700,24.11.2022,Latgale,2800,5.18,12.95,0,6,5.95,4.03,8.93,0.65
PME2-1641,23.11.2022,Zemgale,3800,2.88,7.2,0,9.8,9.2,-6.6,13.8,1
PME2-1680,22.11.2022,Rīga,2800,5.56,13.9,0,6,6.75,3.78,10.13,0.74
PME2-1643,21.11.2022,Rīga,3500,4.66,11.65,0,8.66,6.6,1.75,9.9,0.72
PME2-1078,21.11.2022,Rīga,4000,14.56,36.4,0,10.1,10.09,21.27,15.14,1.1
PME2-1668,21.11.2022,Rīga,2200,3.74,9.35,0,4.5,4.97,1.9,7.46,0.54
PME2-1675,17.11.2022,Rīga,4000,9.46,23.65,0,11.02,10.27,8.25,15.41,1.12
PME2-1481,21.11.2022,Vidzeme,4000,2.04,5.1,0,11.04,10.2,-10.2,15.3,1.11
PME2-1669,17.11.2022,Rīga,2800,6.53,16.33,0,6,7.29,5.39,10.94,0.79
PME2-1671,17.11.2022,Kurzeme,1800,3.5,8.75,0,3.6,4,2.75,6,0.44
PME2-1487,17.11.2022,Rīga,3500,7.31,18.28,0,8.8,8,6.28,12,0.87
PME2-1505,16.11.2022,Rīga,4000,11.44,28.6,0,11,11.04,12.04,16.56,1.2
PME2-1569,16.11.2022,Rīga,4000,15.55,38.88,0,11.1,12.95,19.45,19.43,1.41
PME2-1639,15.11.2022,Rīga,4000,9.5,23.75,0,11.1,11.95,5.83,17.93,1.3
PME2-1296,14.11.2022,Vidzeme,2500,12.37,30.93,6,11,5.67,22.42,8.51,0.62
PME2-1472,14.11.2022,Rīga,3500,7.14,17.85,0,8,7.5,6.6,11.25,0.82
PME2-1528,11.11.2022,Vidzeme,4000,5.25,13.13,0,11,11.04,-3.44,16.56,1.2
PME2-1568,09.11.2022,Rīga,4000,10.17,25.43,0,10,11.19,8.64,16.79,1.22
PME2-1630,09.11.2022,Zemgale,4000,6.81,17.03,0,11,10,2.03,15,1.09
PME2-1622,09.11.2022,Zemgale,2500,4.62,11.55,0,5.52,5.63,3.11,8.45,0.61
PME2-1376,08.11.2022,Rīga,2800,3.84,9.6,0,6,4.1,3.45,6.15,0.45
PME2-1195,08.11.2022,Rīga,4000,12.65,31.63,0,10,8.3,19.18,12.45,0.9
PME2-1623,07.11.2022,Zemgale,2800,7.18,17.95,0,6,5.3,10,7.95,0.58
PME2-1562,08.11.2022,Rīga,4000,12.76,31.9,0,11.1,9.7,17.35,14.55,1.06
PME2-1616,07.11.2022,Rīga,3500,8.8,22,0,8,8,10,12,0.87
PME2-1612,07.11.2022,Rīga,3500,5.66,14.15,0,8,6.9,3.8,10.35,0.75
PME2-1415,07.11.2022,Latgale,2800,3.56,8.9,0,6,6,-0.1,9,0.65
PME2-1611,07.11.2022,Zemgale,1800,2.2,5.5,0,3,3,1,4.5,0.33
PME2-1546,07.11.2022,Rīga,4000,12.3,30.75,0,11.1,11,14.25,16.5,1.2
PME2-1614,05.11.2022,Rīga,1800,3.32,8.3,0,3.69,4.07,2.2,6.11,0.44
PME2-1601,04.11.2022,Rīga,4000,10.24,25.6,0,10,7.59,14.22,11.39,0.83
PME2-1596,04.11.2022,Rīga,2200,4.3,10.75,0,4.55,4.5,4,6.75,0.49
PME2-1602,03.11.2022,Rīga,4000,5.56,13.9,0,11,11.19,-2.89,16.79,1.22
PME2-1593,02.11.2022,Kurzeme,4000,8.99,22.48,0,10,9,8.98,13.5,0.98
PME2-1566,02.11.2022,Rīga,2800,2.84,7.1,0,6,4.73,0,7.1,0.52
PME2-1586,31.10.2022,Zemgale,1800,2.2,5.5,0,3,3,1,4.5,0.33
PME2-1350,31.10.2022,Rīga,4000,8.48,21.2,0,11,12,3.2,18,1.31
PME2-1587,30.10.2022,Rīga,2200,2,5,0,4.5,4.3,-1.45,6.45,0.47
PME2-1577,28.10.2022,Vidzeme,4000,14.91,37.28,0,11,16.9,11.93,25.35,1.84
PME2-1570,26.10.2022,Rīga,4000,11.69,29.23,0,10,11,12.73,16.5,1.2
PME2-1561,26.10.2022,Kurzeme,2800,2.31,5.78,0,6,5.67,-2.73,8.51,0.62
PME2-1490,25.10.2022,Rīga,4000,5.2,13,0,10,8.8,-0.2,13.2,0.96
PME2-1552,24.10.2022,Rīga,3500,7.75,19.38,0,8.5,9.2,5.58,13.8,1
PME2-1553,24.10.2022,Rīga,4000,10.46,26.15,0,10,9.92,11.27,14.88,1.08
PME2-1363,24.10.2022,Rīga,3500,15.98,39.95,0,8,6.1,30.8,9.15,0.66
PME2-1534,24.10.2022,Rīga,3500,3.97,9.93,0,8,8,-2.08,12,0.87
PME2-1205,23.10.2022,Zemgale,4000,5.54,13.85,0,10,9.87,-0.95,14.81,1.08
PME2-1507,23.10.2022,Rīga,2800,6.05,15.13,0,6,5.85,6.35,8.78,0.64
PME2-1512,21.10.2022,Zemgale,2500,4.06,10.15,0,5.5,6.75,0.02,10.13,0.74
PME2-1535,21.10.2022,Vidzeme,2800,5.55,13.88,4.2,10.2,5.9,5.03,8.85,0.64
PME2-1242,20.10.2022,Kurzeme,4000,12.38,30.95,0,10.8,10,15.95,15,1.09
PME2-1526,20.10.2022,Kurzeme,3500,3.42,8.55,0,8,5.74,-0.06,8.61,0.63
PME2-1533,19.10.2022,Rīga,4000,5.77,14.43,0,10,10.14,-0.79,15.21,1.11
PME2-1179,19.10.2022,Rīga,2800,4.32,10.8,0,6,7.32,-0.18,10.98,0.8
PME2-1523,19.10.2022,Vidzeme,2800,5.21,13.03,0,6,4.89,5.69,7.34,0.53
PME2-1517,19.10.2022,Kurzeme,4000,3.67,9.18,0,10,11,-7.33,16.5,1.2
PME2-1527,19.10.2022,Latgale,2800,2,5,0,6,2,2,3,0.22
PME2-1498,19.10.2022,Zemgale,2500,9.25,23.13,0,5.52,4.87,15.82,7.31,0.53
PME2-1525,18.10.2022,Vidzeme,1800,3.8,9.5,0,3.7,3.7,3.95,5.55,0.4
PME2-1519,18.10.2022,Kurzeme,3500,3.96,9.9,0,8,8,-2.1,12,0.87
PME2-1513,18.10.2022,Kurzeme,4000,9.6,24,0,10,10,9,15,1.09
PME2-1497,18.10.2022,Rīga,4000,10.14,25.35,0,11,12,7.35,18,1.31
PME2-1508,18.10.2022,Zemgale,4000,3.81,9.53,0,10,9.66,-4.97,14.49,1.05
PME2-1503,17.10.2022,Rīga,4000,0.34,0.85,0,10,9.1,-12.8,13.65,0.99
PME2-1504,16.10.2022,Rīga,2800,6.3,15.75,5,11.09,3,11.25,4.5,0.33
PME2-1496,14.10.2022,Rīga,2500,4.76,11.9,0,5.5,4.81,4.69,7.22,0.52
PME2-1458,14.10.2022,Rīga,4000,6.11,15.28,0,10,10.8,-0.93,16.2,1.18
PME2-1499,13.10.2022,Kurzeme,4000,5.97,14.93,0,10,11,-1.58,16.5,1.2
PME2-1305,13.10.2022,Rīga,3500,5.76,14.4,0,8,8.92,1.02,13.38,0.97
PME2-1491,12.10.2022,Rīga,4000,9.85,24.63,0,10,10.3,9.18,15.45,1.12
PME2-1483,11.10.2022,Rīga,3500,6.94,17.35,0,8,7.94,5.44,11.91,0.87
PME2-1480,11.10.2022,Rīga,3500,10.8,27,0,8,5.45,18.83,8.18,0.59
PME2-1313,11.10.2022,Rīga,2200,3.37,8.43,0,4.5,4.86,1.14,7.29,0.53
PME2-1474,10.10.2022,Rīga,3500,10.36,25.9,0,8,8,13.9,12,0.87
PME2-1466,10.10.2022,Zemgale,2500,4.44,11.1,0,5,4.6,4.2,6.9,0.5
PME2-1403,10.10.2022,Rīga,4000,11.4,28.5,0,10,11,12,16.5,1.2
PME2-1470,07.10.2022,Zemgale,4000,4.96,12.4,0,10,5.67,3.9,8.51,0.62
PME2-1426,07.10.2022,Rīga,4000,13.76,34.4,0,10,12.16,16.16,18.24,1.33
PME2-1464,07.10.2022,Rīga,4000,10.01,25.03,0,10,14,4.03,21,1.53
PME2-1462,06.10.2022,Rīga,4000,11.35,28.38,0,10.8,9.45,14.2,14.18,1.03
PME2-1288,06.10.2022,Rīga,4000,16.08,40.2,0,11,10.8,24,16.2,1.18
PME2-1433,06.10.2022,Rīga,4000,12,30,0,10,9.9,15.15,14.85,1.08
PME2-1447,06.10.2022,Rīga,2200,2.89,7.23,3,7,6.21,-2.09,9.32,0.68
PME2-1450,05.10.2022,Zemgale,3500,2.5,6.25,0,8.2,7.8,-5.45,11.7,0.85
PME2-1302,05.10.2022,Rīga,4000,7.72,19.3,0,11,11.24,2.44,16.86,1.23
PME2-1379,05.10.2022,Vidzeme,2800,3.53,8.83,0,6,5.8,0.13,8.7,0.63
PME2-1438,05.10.2022,Rīga,4000,7.95,19.88,0,11.1,10.08,4.76,15.12,1.1
PME2-1411,04.10.2022,Rīga,4000,2.12,5.3,0,11.1,9.1,-8.35,13.65,0.99
PME2-1435,04.10.2022,Kurzeme,2800,2.75,6.88,4,10,6,-2.13,9,0.65
PME2-1412,04.10.2022,Rīga,4000,3.9,9.75,0,10,9.6,-4.65,14.4,1.05
PME2-1434,03.10.2022,Latgale,2800,5.23,13.08,0,6,5.95,4.15,8.93,0.65
PME2-1431,02.10.2022,Vidzeme,3500,2.29,5.73,0,8.65,8.65,-7.25,12.98,0.94
PME2-1358,02.10.2022,Vidzeme,4000,8.02,20.05,0,11,12.5,1.3,18.75,1.36
PME2-1281,02.10.2022,Rīga,4000,11.53,28.83,0,10,9.65,14.35,14.48,1.05
PME2-1048,30.09.2022,Kurzeme,3500,3.96,9.9,0,8,8,-2.1,12,0.87
PME2-1410,30.09.2022,Rīga,2800,12.54,31.35,0,6,4.31,24.89,6.47,0.47
PME2-1423,30.09.2022,Rīga,4000,2.36,5.9,0,10,10,-9.1,15,1.09
PME2-1323,28.09.2022,Rīga,4000,8.86,22.15,0,10,10.49,6.42,15.74,1.14
PME2-1398,28.09.2022,Rīga,4000,5.41,13.53,0,10,6.48,3.81,9.72,0.71
PME2-1394,27.09.2022,Rīga,2500,3.93,9.83,3,8,7.99,-2.16,11.99,0.87
PME2-1366,27.09.2022,Kurzeme,2800,7.11,17.78,0,6,6.7,7.73,10.05,0.73
PME2-1254,27.09.2022,Rīga,3500,5.06,12.65,0,8,6.5,2.9,9.75,0.71
PME2-1299,27.09.2022,Vidzeme,4000,14.91,37.28,0,12,18,10.28,27,1.96
PME2-1359,27.09.2022,Rīga,2200,3.6,9,0,4,3.7,3.45,5.55,0.4
PME2-1382,27.09.2022,Rīga,4000,5.06,12.65,0,10,8.3,0.2,12.45,0.9
PME2-1346,25.09.2022,Rīga,3500,4.64,11.6,0,8,8.47,-1.11,12.71,0.92
PME2-1349,22.09.2022,Zemgale,3500,4.13,10.33,0,8.2,8.2,-1.98,12.3,0.89
PME2-1361,22.09.2022,Latgale,4000,25.59,63.98,0,10,11,47.48,16.5,1.2
PME2-1356,22.09.2022,Rīga,4000,11.03,27.58,0,11.1,10.47,11.87,15.71,1.14
PME2-1357,21.09.2022,Rīga,3500,7.66,19.15,0,8,8.34,6.64,12.51,0.91
PME2-1353,21.09.2022,Rīga,4000,11.06,27.65,0,11.04,10.8,11.45,16.2,1.18
PME2-1352,20.09.2022,Vidzeme,4000,14.66,36.65,0,10,10,21.65,15,1.09
PME2-1347,20.09.2022,Rīga,2500,4.77,11.93,0,5.67,5.67,3.42,8.51,0.62
PME2-1337,20.09.2022,Kurzeme,2800,3.67,9.18,0,6.9,7.2,-1.63,10.8,0.78
PME2-1343,19.09.2022,Rīga,2200,6.75,16.88,0,4,5.93,7.98,8.9,0.65
PME2-1339,20.09.2022,Rīga,2800,5.72,14.3,0,6.24,5.78,5.63,8.67,0.63
PME2-1344,19.09.2022,Zemgale,3200,3.35,8.38,0,7.2,6.68,-1.65,10.02,0.73
PME2-1331,16.09.2022,Rīga,3500,4.66,11.65,0,8,5.69,3.12,8.54,0.62
PME2-1340,19.09.2022,Rīga,3500,6.97,17.43,0,8.3,7.9,5.58,11.85,0.86
PME2-1329,16.09.2022,Zemgale,4000,12.43,31.08,0,11,10.5,15.33,15.75,1.14
PME2-1203,19.09.2022,Vidzeme,4000,4.02,10.05,0,10,9.4,-4.05,14.1,1.02
PME2-883,17.09.2022,Rīga,3500,4.96,12.4,0,8,6.3,2.95,9.45,0.69
PME2-1328,16.09.2022,Latgale,4000,1.85,4.63,0,11.1,14.46,-17.07,21.69,1.58
PME2-1319,16.09.2022,Rīga,4000,16.03,40.08,0,11.1,11,23.58,16.5,1.2
PME2-1325,16.09.2022,Rīga,4000,5.2,13,0,6,6,4,9,0.65
PME2-1213,16.09.2022,Kurzeme,3500,4.42,11.05,0,8,9,-2.45,13.5,0.98
PME2-1120,15.09.2022,Rīga,4000,9.05,22.63,0,10.8,10.5,6.88,15.75,1.14
PME2-1304,15.09.2022,Rīga,3500,6.19,15.48,0,8,8,3.48,12,0.87
PME2-1298,14.09.2022,Rīga,4000,3.28,8.2,0,11.1,11,-8.3,16.5,1.2
PME2-1300,13.09.2022,Rīga,4000,18.36,45.9,0,11,10.62,29.97,15.93,1.16
PME2-1301,13.09.2022,Vidzeme,1800,2.69,6.73,0,3,2.22,3.4,3.33,0.24
PME2-1284,13.09.2022,Rīga,4000,6.46,16.15,0,11,11.8,-1.55,17.7,1.29
PME2-1270,13.09.2022,Zemgale,2800,5.42,13.55,0,6,5.53,5.26,8.3,0.6
PME2-1230,12.09.2022,Rīga,2800,8.77,21.93,0,6,7.11,11.26,10.67,0.77
PME2-1294,12.09.2022,Rīga,3500,2.17,5.43,0,8,8.2,-6.88,12.3,0.89
PME2-1283,12.09.2022,Rīga,1400,4.8,12,8.5,11.1,10.8,-4.2,16.2,1.18
PME2-1271,12.09.2022,Rīga,4000,15.5,38.75,0,10,8.9,25.4,13.35,0.97
PME2-1253,11.09.2022,Rīga,2200,6.18,15.45,0,4.5,4.8,8.25,7.2,0.52
PME2-1226,11.09.2022,Rīga,4000,4.51,11.28,0,10,9.4,-2.83,14.1,1.02
PME2-1221,09.09.2022,Rīga,2800,2.83,7.08,0,6,5,-0.43,7.5,0.55
PME2-1277,09.09.2022,Rīga,4000,14.67,36.68,0,10,10,21.68,15,1.09
PME2-1272,08.09.2022,Zemgale,3500,5.56,13.9,0,8,8,1.9,12,0.87
PME2-1228,09.09.2022,Rīga,4000,3.37,8.43,0,11,11,-8.08,16.5,1.2
PME2-1275,09.09.2022,Rīga,3500,8.94,22.35,0,8,8.21,10.04,12.32,0.89
PME2-1110,08.09.2022,Kurzeme,4000,4.72,11.8,0,10,10,-3.2,15,1.09
PME2-1268,08.09.2022,Latgale,2200,3.45,8.63,0,4,4.13,2.43,6.2,0.45
PME2-1262,07.09.2022,Rīga,4000,11.15,27.88,0,10,9.8,13.18,14.7,1.07
PME2-1252,07.09.2022,Zemgale,4000,4.01,10.03,0,11,11,-6.48,16.5,1.2
PME2-1245,06.09.2022,Kurzeme,2500,4.17,10.43,0,5,5.09,2.79,7.64,0.55
PME2-358,06.09.2022,Rīga,2500,2.75,6.88,0,5.5,5.49,-1.36,8.24,0.6
PME2-1237,05.09.2022,Rīga,2200,3.93,9.83,0,4.5,4.86,2.54,7.29,0.53
PME2-1137,05.09.2022,Vidzeme,4000,5.07,12.68,0,10.8,9.75,-1.95,14.63,1.06
PME2-1238,05.09.2022,Kurzeme,4000,2.86,7.15,0,11.1,11,-9.35,16.5,1.2
PME2-1218,04.09.2022,Rīga,4000,4.73,11.83,0,10,10.01,-3.19,15.02,1.09
PME2-1235,04.09.2022,Rīga,4000,3.85,9.63,0,10,11.1,-7.03,16.65,1.21
PME2-1215,01.09.2022,Rīga,3500,8.41,21.03,0,8,6.57,11.17,9.86,0.72
PME2-1217,01.09.2022,Rīga,4000,2.25,5.63,0,10,9,-7.88,13.5,0.98
PME2-940,01.09.2022,Zemgale,1800,3.14,7.85,0,3.7,3.5,2.6,5.25,0.38
PME2-617,31.08.2022,Rīga,4000,12.04,30.1,0,10,9,16.6,13.5,0.98
PME2-1182,31.08.2022,Rīga,4000,2.8,7,0,10.8,11.34,-10.01,17.01,1.24
PME2-1200,31.08.2022,Rīga,2500,3.25,8.13,0,5,4.7,1.08,7.05,0.51
PME2-1211,31.08.2022,Kurzeme,2200,3.01,7.53,0,4,4.01,1.51,6.02,0.44
PME2-829,31.08.2022,Vidzeme,1800,3.68,9.2,0,3.7,3.7,3.65,5.55,0.4
PME2-1210,31.08.2022,Rīga,3200,7.54,18.85,0,7.29,6.2,9.55,9.3,0.68
PME2-1209,31.08.2022,Rīga,2500,3.88,9.7,5,10,6.4,0.1,9.6,0.7
PME2-1177,29.08.2022,Rīga,4000,13.2,33,0,11,12.5,14.25,18.75,1.36
PME2-1188,29.08.2022,Rīga,2500,5.09,12.73,0,5,4.3,6.28,6.45,0.47
PME2-1131,28.08.2022,Rīga,3500,11.51,28.78,0,8,5.45,20.6,8.18,0.59
PME2-953,27.08.2022,Rīga,4000,12.39,30.98,0,10,8.3,18.53,12.45,0.9
PME2-1192,26.08.2022,Rīga,2800,4.61,11.53,0,6,5.39,3.44,8.09,0.59
PME2-1099,26.08.2022,Rīga,4000,14.92,37.3,0,10.18,10.5,21.55,15.75,1.14
PME2-861,25.08.2022,Rīga,4000,7.8,19.5,0,10,10.42,3.87,15.63,1.14
PME2-1187,25.08.2022,Kurzeme,3500,4.33,10.83,0,8,6.88,0.51,10.32,0.75
PME2-1174,25.08.2022,Rīga,4000,17.91,44.78,0,11,10.6,28.88,15.9,1.16
PME2-1183,24.08.2022,Zemgale,2500,3.1,7.75,0,5.27,4.9,0.4,7.35,0.53
PME2-1181,24.08.2022,Rīga,3500,5.83,14.58,0,8,8.1,2.43,12.15,0.88
PME2-858,24.08.2022,Rīga,2800,3.72,9.3,0,6,4.94,1.89,7.41,0.54
PME2-1175,23.08.2022,Latgale,2500,2.23,5.58,0,5,3.28,0.66,4.92,0.36
PME2-1010,23.08.2022,Rīga,4000,5.11,12.78,0,10,9.12,-0.9,13.68,0.99
PME2-1172,23.08.2022,Rīga,4000,14.97,37.43,0,11,9,23.93,13.5,0.98
PME2-1058,23.08.2022,Rīga,4000,10.19,25.48,0,10,10,10.48,15,1.09
PME2-977,23.08.2022,Rīga,4000,5.91,14.78,0,10,10.93,-1.62,16.4,1.19
PME2-1154,23.08.2022,Kurzeme,1800,2.68,6.7,0,3.68,3.31,1.74,4.97,0.36
PME2-1169,22.08.2022,Zemgale,2200,2.1,5.25,0,4,3.2,0.45,4.8,0.35
PME2-1146,21.08.2022,Rīga,2800,4.05,10.13,0,6,6.34,0.62,9.51,0.69
PME2-1165,21.08.2022,Rīga,4000,10.31,25.78,0,10.92,9.82,11.05,14.73,1.07
PME2-1162,19.08.2022,Rīga,3500,4.17,10.43,0,8,9.51,-3.84,14.27,1.04
PME2-1161,19.08.2022,Latgale,4000,12.48,31.2,0,10,9.67,16.7,14.51,1.05
PME2-1160,19.08.2022,Rīga,4000,9.3,23.25,0,11.1,10,8.25,15,1.09
PME2-1020,18.08.2022,Rīga,3500,2.87,7.18,0,8,7.5,-4.08,11.25,0.82
PME2-1132,17.08.2022,Rīga,3500,3.7,9.25,0,8,7.54,-2.06,11.31,0.82
PME2-1151,17.08.2022,Vidzeme,3500,4.78,11.95,0,8,7.5,0.7,11.25,0.82
PME2-996,17.08.2022,Rīga,3500,8.17,20.43,0,8,8.51,7.66,12.77,0.93
PME2-1148,17.08.2022,Rīga,2800,3.15,7.88,0,6,1.1,6.23,1.65,0.12
PME2-1106,17.08.2022,Rīga,3500,8.43,21.08,0,8,7.42,9.95,11.13,0.81
PME2-1145,16.08.2022,Rīga,2800,5.72,14.3,0,6,6.24,4.94,9.36,0.68
PME2-1135,16.08.2022,Rīga,3500,3.82,9.55,0,8,7.5,-1.7,11.25,0.82
PME2-1141,15.08.2022,Rīga,4000,8.05,20.13,0,10,9.98,5.16,14.97,1.09
PME2-1143,16.08.2022,Rīga,3200,3.23,8.08,0,7.2,6.7,-1.98,10.05,0.73
PME2-1130,16.08.2022,Vidzeme,2800,5.85,14.63,0,6,4768,-7137.38,7152,519.71
PME2-1061,16.08.2022,Rīga,3500,6.29,15.73,0,8,7.4,4.63,11.1,0.81
PME2-773,15.08.2022,Zemgale,2500,3.53,8.83,0,5.7,5.6,0.43,8.4,0.61
PME2-885,15.08.2022,Vidzeme,1800,3.05,7.63,0,3.7,3.6,2.23,5.4,0.39
PME2-1128,15.08.2022,Rīga,2800,10,25,0,6.75,6.75,14.88,10.13,0.74
PME2-1113,15.08.2022,Rīga,4000,6.06,15.15,0,11,10,0.15,15,1.09
PME2-1079,15.08.2022,Rīga,2800,5.54,13.85,0,6,6.45,4.18,9.68,0.7
PME2-1085,15.08.2022,Rīga,4000,9.75,24.38,0,11,10.95,7.95,16.43,1.19
PME2-1129,13.08.2022,Rīga,2500,3.95,9.88,3,8,7.99,-2.11,11.99,0.87
PME2-1072,14.08.2022,Zemgale,4000,3.98,9.95,0,11.1,6.14,0.74,9.21,0.67
PME2-817,13.08.2022,Rīga,4000,5.48,13.7,0,10,10,-1.3,15,1.09
PME2-1125,12.08.2022,Rīga,4000,11.53,28.83,0,8,8,16.83,12,0.87
PME2-1121,12.08.2022,Rīga,4000,6.31,15.78,0,12,6.75,5.65,10.13,0.74
PME2-1124,12.08.2022,Rīga,3500,5.07,12.68,0,8,6,3.68,9,0.65
PME2-1054,11.08.2022,Zemgale,3500,6.18,15.45,0,8,7.56,4.11,11.34,0.82
PME2-1111,11.08.2022,Rīga,2200,2.78,6.95,0,4.5,3.34,1.94,5.01,0.36
PME2-1091,11.08.2022,Rīga,4000,5.42,13.55,0,10,6.04,4.49,9.06,0.66
PME2-1083,10.08.2022,Rīga,2800,6.05,15.13,0,6,6.2,5.83,9.3,0.68
PME2-1104,10.08.2022,Rīga,3200,7.54,18.85,0,7.29,6.2,9.55,9.3,0.68
PME2-1094,10.08.2022,Kurzeme,4000,5.14,12.85,0,10,10,-2.15,15,1.09
PME2-1095,10.08.2022,Rīga,4000,17.4,43.5,0,10,9.03,29.96,13.55,0.98
PME2-1055,10.08.2022,Zemgale,4000,7.14,17.85,0,11,11.33,0.85,17,1.23
PME2-926,10.08.2022,Rīga,2800,6.25,15.63,0,6,6.24,6.27,9.36,0.68
PME2-1097,09.08.2022,Rīga,2200,2.89,7.23,0,4,4.45,0.55,6.68,0.49
PME2-1090,09.08.2022,Rīga,4000,0.65,1.63,0,10,8,-10.38,12,0.87
PME2-1087,09.08.2022,Rīga,3500,3.72,9.3,0,8,8.11,-2.87,12.17,0.88
PME2-479,09.08.2022,Rīga,4000,7.21,18.03,0,13.7,11,1.53,16.5,1.2
PME2-1082,08.08.2022,Zemgale,4000,5.25,13.13,0,10,10.13,-2.07,15.2,1.1
PME2-1075,08.08.2022,Rīga,4000,15.31,38.28,0,11.07,11.68,20.76,17.52,1.27
PME2-1037,08.08.2022,Rīga,2800,3.85,9.63,0,6,6210,-9305.38,9315,676.89
PME2-1076,05.08.2022,Rīga,3500,2.52,6.3,0,8,6.5,-3.45,9.75,0.71
PME2-1071,06.08.2022,Rīga,4000,2.87,7.18,0,10,7.79,-4.51,11.69,0.85
PME2-911,05.08.2022,Zemgale,3500,4.42,11.05,0,8,9.25,-2.83,13.88,1.01
PME2-962,05.08.2022,Rīga,2800,4.88,12.2,0,6,7,1.7,10.5,0.76
PME2-1066,04.08.2022,Rīga,3500,4.79,11.98,0,8.2,7.4,0.88,11.1,0.81
PME2-1065,04.08.2022,Rīga,3500,7.56,18.9,0,8,7.44,7.74,11.16,0.81
PME2-1016,04.08.2022,Kurzeme,4000,4.94,12.35,0,10,11.8,-5.35,17.7,1.29
PME2-939,25.07.2022,Vidzeme,2800,2.8,7,0,6,6,-2,9,0.65
PME2-1067,04.08.2022,Rīga,2800,5.78,14.45,0,6.4,6.4,4.85,9.6,0.7
PME2-957,04.08.2022,Kurzeme,3500,4.3,10.75,0,8,6.9,0.4,10.35,0.75
PME2-1008,04.08.2022,Rīga,4000,10.1,25.25,0,10,10.22,9.92,15.33,1.11
PME2-1064,04.08.2022,Zemgale,4000,3.14,7.85,0,10,10,-7.15,15,1.09
PME2-1062,04.08.2022,Vidzeme,2800,5.12,12.8,0,6,5.4,4.7,8.1,0.59
PME2-1063,04.08.2022,Rīga,4000,2.1,5.25,0,11.09,10,-9.75,15,1.09
PME2-1060,04.08.2022,Rīga,4000,3.41,8.53,0,11,10,-6.48,15,1.09
PME2-1002,04.08.2022,Rīga,4000,4.22,10.55,0,10,9.72,-4.03,14.58,1.06
PME2-1038,02.08.2022,Rīga,3500,0.69,1.73,0,8,7.76,-9.92,11.64,0.85
PME2-1052,02.08.2022,Rīga,4000,6.78,16.95,0,11,11,0.45,16.5,1.2
PME2-1042,02.08.2022,Rīga,1800,1.95,4.88,0,3,3.2,0.07,4.8,0.35
PME2-1045,02.08.2022,Kurzeme,4000,8.59,21.48,0,11.1,10.97,5.02,16.46,1.2
PME2-1043,01.08.2022,Rīga,4000,6.75,16.88,0,10,8.93,3.48,13.4,0.97
PME2-1044,01.08.2022,Kurzeme,4000,8.44,21.1,0,11.1,11.1,4.45,16.65,1.21
PME2-1032,01.08.2022,Vidzeme,3500,8.47,21.18,0,8,8.25,8.8,12.38,0.9
PME2-916,01.08.2022,Kurzeme,4000,18.39,45.98,0,10,10.46,30.29,15.69,1.14
PME2-1039,01.08.2022,Rīga,3500,7.02,17.55,0,8.25,8.25,5.18,12.38,0.9
PME2-950,01.08.2022,Rīga,4000,9.83,24.58,0,10.92,10,9.58,15,1.09
PME2-998,01.08.2022,Vidzeme,2800,4.41,11.03,0,6.54,6.54,1.22,9.81,0.71
PME2-1028,30.07.2022,Rīga,4000,8.15,20.38,0,11,9.47,6.17,14.21,1.03
PME2-1021,29.07.2022,Rīga,1800,3.11,7.78,0,3,2,4.78,3,0.22
PME2-1015,28.07.2022,Rīga,2800,4.66,11.65,0,6.21,6.39,2.07,9.59,0.7
PME2-1004,28.07.2022,Rīga,3500,7.75,19.38,0,8.2,8.6,6.48,12.9,0.94
PME2-1000,28.07.2022,Rīga,2200,1.82,4.55,0,4,3.18,-0.22,4.77,0.35
PME2-646,28.07.2022,Rīga,3500,6.49,16.23,0,8,7.35,5.2,11.03,0.8
PME2-995,28.07.2022,Rīga,3500,9.88,24.7,0,8.4,7.58,13.33,11.37,0.83
PME2-999,27.07.2022,Latgale,3500,5.05,12.63,0,8.6,9,-0.88,13.5,0.98
PME2-891,26.07.2022,Rīga,2800,6.45,16.13,0,6.4,5.92,7.25,8.88,0.65
PME2-989,26.07.2022,Rīga,2200,2.88,7.2,0,4,3.32,2.22,4.98,0.36
PME2-994,26.07.2022,Zemgale,2800,4.32,10.8,0,6,6.6,0.9,9.9,0.72
PME2-720,25.07.2022,Rīga,2200,2.97,7.43,0,4,4.73,0.33,7.1,0.52
PME2-971,25.07.2022,Vidzeme,1800,3.07,7.68,0,3,3.51,2.41,5.27,0.38
PME2-944,25.07.2022,Zemgale,2500,4.25,10.63,0,5,4.8,3.43,7.2,0.52
PME2-976,25.07.2022,Rīga,4000,8.1,20.25,0,11.1,11.25,3.38,16.88,1.23
PME2-783,24.07.2022,Latgale,1800,2.23,5.58,0,3,3,1.08,4.5,0.33
PME2-968,24.07.2022,Rīga,3500,4.84,12.1,0,8,7.74,0.49,11.61,0.84
PME2-961,23.07.2022,Rīga,1000,5.42,13.55,3,4,3.75,7.93,5.63,0.41
PME2-947,22.07.2022,Rīga,4000,7.26,18.15,0,10,8.7,5.1,13.05,0.95
PME2-974,21.07.2022,Rīga,2200,4.03,10.08,0,4.8,4.04,4.02,6.06,0.44
PME2-818,21.07.2022,Rīga,4000,4.31,10.78,0,10,8,-1.23,12,0.87
PME2-205,21.07.2022,Rīga,3200,5.61,14.03,0,7,6.3,4.58,9.45,0.69
PME2-824,21.07.2022,Rīga,2200,2.8,7,0,4,3.7,1.45,5.55,0.4
PME2-903,21.07.2022,Kurzeme,2800,3.72,9.3,0,6,6,0.3,9,0.65
PME2-652,19.07.2022,Rīga,1400,4.38,10.95,4.2,6.9,5.67,2.45,8.51,0.62
PME2-943,19.07.2022,Rīga,4000,2.45,6.13,0,10,10.78,-10.05,16.17,1.18
PME2-917,19.07.2022,Rīga,2200,2.83,7.08,0,4,3.91,1.21,5.87,0.43
PME2-937,19.07.2022,Rīga,4000,11.72,29.3,0,11.1,10.05,14.23,15.08,1.1
PME2-942,19.07.2022,Kurzeme,4000,7.72,19.3,0,10,10,4.3,15,1.09
PME2-951,19.07.2022,Rīga,3200,4,10,0,7,5.3,2.05,7.95,0.58
PME2-784,19.07.2022,Rīga,4000,7.34,18.35,0,11,11.1,1.7,16.65,1.21
PME2-854,20.07.2022,Rīga,4000,4.51,11.28,0,11,11,-5.23,16.5,1.2
PME2-958,20.07.2022,Rīga,4000,11.26,28.15,0,12,13,8.65,19.5,1.42
PME2-929,18.07.2022,Rīga,2500,3.54,8.85,0,5,5.34,0.84,8.01,0.58
PME2-933,18.07.2022,Latgale,4000,1419.4,3548.5,0,10,9.6,3534.1,14.4,1.05
PME2-935,18.07.2022,Rīga,2800,3.3,8.25,0,6,6,-0.75,9,0.65
PME2-848,18.07.2022,Rīga,3500,5.47,13.68,0,8,9.24,-0.19,13.86,1.01
PME2-925,17.07.2022,Zemgale,4000,8.5,21.25,0,10,6.58,11.38,9.87,0.72
PME2-927,17.07.2022,Rīga,3500,8.16,20.4,0,8,7.45,9.23,11.18,0.81
PME2-931,17.07.2022,Kurzeme,2800,4.58,11.45,0,6,3.42,6.32,5.13,0.37
PME2-762,15.07.2022,Zemgale,2800,4.57,11.43,0,6,5.3,3.48,7.95,0.58
PME2-857,15.07.2022,Rīga,4000,3.9,9.75,0,10,9.63,-4.7,14.45,1.05
PME2-852,15.07.2022,Rīga,3500,8.21,20.53,0,8,9.75,5.9,14.63,1.06
PME2-870,14.07.2022,Rīga,3500,6.53,16.33,0,8.58,8.75,3.2,13.13,0.95
PME2-909,14.07.2022,Rīga,2200,17.38,43.45,6,10,10.27,28.05,15.41,1.12
PME2-899,13.07.2022,Zemgale,4000,6.96,17.4,0,10,10.34,1.89,15.51,1.13
PME2-828,13.07.2022,Kurzeme,3200,2.76,6.9,0,7,7,-3.6,10.5,0.76
PME2-910,13.07.2022,Rīga,2800,6.3,15.75,0,6,4.71,8.69,7.07,0.51
PME2-907,13.07.2022,Rīga,4000,9.29,23.23,0,10,10,8.23,15,1.09
PME2-843,13.07.2022,Rīga,4000,4.79,11.98,0,11.1,7.5,0.73,11.25,0.82
PME2-898,12.07.2022,Rīga,4000,13.76,34.4,0,10,10.92,18.02,16.38,1.19
PME2-896,12.07.2022,Rīga,2500,4.41,11.03,0,5.6,5.04,3.47,7.56,0.55
PME2-894,12.07.2022,Kurzeme,2800,4.93,12.33,0,6,5.94,3.42,8.91,0.65
PME2-292,12.07.2022,Rīga,4000,6.5,16.25,0,11,10,1.25,15,1.09
PME2-866,11.07.2022,Rīga,4000,3.74,9.35,0,10,10.8,-6.85,16.2,1.18
PME2-889,11.07.2022,Rīga,4000,15.72,39.3,0,10,11.42,22.17,17.13,1.24
PME2-450,11.07.2022,Rīga,3500,6.4,16,0,8.1,7.65,4.53,11.48,0.83
PME2-890,11.07.2022,Rīga,2500,6,15,0,5.55,5,7.5,7.5,0.55
PME2-731,11.07.2022,Rīga,4000,3.81,9.53,0,10,9,-3.98,13.5,0.98
PME2-886,11.07.2022,Rīga,2800,3.9,9.75,0,6,4.78,2.58,7.17,0.52
PME2-216,10.07.2022,Rīga,2800,3.66,9.15,0,6,5.5,0.9,8.25,0.6
PME2-864,10.07.2022,Kurzeme,2800,6.91,17.28,0,6,6,8.28,9,0.65
PME2-878,08.07.2022,Rīga,2800,5.15,12.88,0,6,6.75,2.75,10.13,0.74
PME2-874,07.07.2022,Rīga,4000,5.9,14.75,0,10,10.9,-1.6,16.35,1.19
PME2-877,07.07.2022,Vidzeme,2500,6.14,15.35,0,5.5,5,7.85,7.5,0.55
PME2-859,07.07.2022,Rīga,3500,6.03,15.08,0,8,7.65,3.6,11.48,0.83
PME2-706,07.07.2022,Rīga,3800,9.07,22.68,0,9.6,9.21,8.86,13.82,1
PME2-867,07.07.2022,Rīga,4000,7.12,17.8,0,10,8.89,4.47,13.34,0.97
PME2-728,15.06.2022,Rīga,3500,3.95,9.88,0,8,8,-2.13,12,0.87
PME2-850,05.07.2022,Latgale,3800,4.5,11.25,0,9.6,9,-2.25,13.5,0.98
PME2-860,05.07.2022,Rīga,4000,7.01,17.53,0,10.1,7,7.03,10.5,0.76
PME2-855,05.07.2022,Rīga,2800,4.98,12.45,0,6,6.17,3.2,9.26,0.67
PME2-675,04.07.2022,Rīga,2800,2.69,6.73,0,6,5.47,-1.48,8.21,0.6
PME2-851,04.07.2022,Rīga,3500,8.6,21.5,0,8,8,9.5,12,0.87
PME2-840,01.07.2022,Rīga,3500,7.75,19.38,0,8.2,8.6,6.48,12.9,0.94
PME2-577,01.07.2022,Zemgale,3500,6.72,16.8,0,8.2,8.2,4.5,12.3,0.89
PME2-844,01.07.2022,Rīga,3500,6.05,15.13,0,8,8,3.13,12,0.87
PME2-841,01.07.2022,Kurzeme,1800,5.05,12.63,0,3.68,3.68,7.11,5.52,0.4
PME2-842,01.07.2022,Kurzeme,1800,1.8,4.5,0,3,3,0,4.5,0.33
PME2-837,01.07.2022,Rīga,2200,3.31,8.28,0,4.5,4.05,2.2,6.08,0.44
PME2-596,01.07.2022,Rīga,4000,8.03,20.08,0,10,8.3,7.63,12.45,0.9
PME2-835,30.06.2022,Rīga,4000,12.38,30.95,0,11,11.5,13.7,17.25,1.25
PME2-836,30.06.2022,Rīga,2200,4.41,11.03,0,4,4.47,4.32,6.71,0.49
PME2-839,30.06.2022,Rīga,2800,8.05,20.13,0,6.95,7.67,8.62,11.51,0.84
PME2-811,30.06.2022,Zemgale,4000,14.42,36.05,0,11.1,10.41,20.44,15.62,1.13
PME2-830,29.06.2022,Rīga,4000,3.58,8.95,0,11.1,7.5,-2.3,11.25,0.82
PME2-819,29.06.2022,Kurzeme,3500,6.87,17.18,0,8,6.97,6.72,10.46,0.76
PME2-826,29.06.2022,Rīga,3500,8.72,21.8,0,8,7.8,10.1,11.7,0.85
PME2-825,29.06.2022,Rīga,3500,4.56,11.4,0,8,5.15,3.68,7.73,0.56
PME2-797,29.06.2022,Rīga,4000,5.71,14.28,0,10,7.8,2.58,11.7,0.85
PME2-535,28.06.2022,Zemgale,4000,5.13,12.83,0,11,11,-3.68,16.5,1.2
PME2-821,28.06.2022,Rīga,2800,3.63,9.08,0,6,5.47,0.87,8.21,0.6
PME2-284,28.06.2022,Rīga,4000,3.31,8.28,0,10,8.77,-4.88,13.16,0.96
PME2-745,28.06.2022,Rīga,4000,9.34,23.35,0,10.8,11.55,6.03,17.33,1.26
PME2-778,28.06.2022,Rīga,2200,3.87,9.68,0,4,3.95,3.75,5.93,0.43
PME2-799,25.06.2022,Rīga,4000,4.3,10.75,0,11.1,9.4,-3.35,14.1,1.02
PME2-801,26.06.2022,Rīga,2800,4.27,10.68,0,6,4.1,4.53,6.15,0.45
PME2-515,27.06.2022,Kurzeme,3500,7.98,19.95,0,8,7.54,8.64,11.31,0.82
PME2-732,26.06.2022,Rīga,2500,5.28,13.2,0,5.55,6.14,3.99,9.21,0.67
PME2-482,26.06.2022,Kurzeme,1400,3.69,9.23,0,2,1.5,6.98,2.25,0.16
PME2-748,24.06.2022,Rīga,3500,2.23,5.58,0,8,2.9,1.23,4.35,0.32
PME2-769,22.06.2022,Rīga,4000,8.17,20.43,0,10,11.57,3.07,17.36,1.26
PME2-794,22.06.2022,Rīga,2800,8,20,0,6,5.49,11.77,8.24,0.6
PME2-771,21.06.2022,Kurzeme,1800,3.02,7.55,0,3.6,3.62,2.12,5.43,0.39
PME2-747,21.06.2022,Zemgale,1800,3.19,7.98,0,3,1.9,5.13,2.85,0.21
PME2-765,20.06.2022,Rīga,3500,3.52,8.8,0,8,6.03,-0.25,9.05,0.66
PME2-777,20.06.2022,Rīga,2500,4.4,11,0,5,5.7,2.45,8.55,0.62
PME2-744,20.06.2022,Rīga,3800,7.35,18.38,0,9.8,9.12,4.7,13.68,0.99
PME2-227,20.06.2022,Rīga,1800,0.3,0.75,0,3.6,3.1,-3.9,4.65,0.34
PME2-682,20.06.2022,Zemgale,2800,5.46,13.65,0,6,5.13,5.96,7.7,0.56
PME2-764,20.06.2022,Kurzeme,4000,3.02,7.55,0,10,9.6,-6.85,14.4,1.05
PME2-679,20.06.2022,Rīga,3500,5.83,14.58,0,8,8.1,2.43,12.15,0.88
PME2-772,19.06.2022,Rīga,3500,8.8,22,0,8,8.92,8.62,13.38,0.97
PME2-770,19.06.2022,Kurzeme,4000,8.2,20.5,0,11.1,11.2,3.7,16.8,1.22
PME2-751,19.06.2022,Rīga,3500,8.81,22.03,0,8,8.63,9.08,12.95,0.94
PME2-755,19.06.2022,Rīga,2800,2.67,6.68,0,6,3.15,1.95,4.73,0.34
PME2-766,17.06.2022,Rīga,2200,2.61,6.53,0,4,3.5,1.28,5.25,0.38
PME2-757,17.06.2022,Rīga,3500,4.49,11.23,0,8,7.6,-0.17,11.4,0.83
PME2-722,17.06.2022,Zemgale,3500,4.41,11.03,0,8.5,8.5,-1.73,12.75,0.93
PME2-692,17.06.2022,Rīga,3500,5.62,14.05,0,8,6.7,4,10.05,0.73
PME2-593,17.06.2022,Zemgale,4000,12.35,30.88,0,11.1,11.16,14.14,16.74,1.22
PME2-752,16.06.2022,Rīga,2800,4.67,11.68,0,6.8,6.47,1.97,9.71,0.71
PME2-662,16.06.2022,Rīga,2200,2.29,5.73,0,4.4,4.19,-0.56,6.29,0.46
PME2-735,16.06.2022,Kurzeme,2200,3.87,9.68,0,4,4.7,2.63,7.05,0.51
PME2-740,16.06.2022,Rīga,4000,9.78,24.45,0,10,10.63,8.51,15.95,1.16
PME2-742,16.06.2022,Zemgale,4000,4.97,12.43,0,10,10.92,-3.96,16.38,1.19
PME2-734,16.06.2022,Rīga,4000,14.62,36.55,0,10,9.75,21.93,14.63,1.06
PME2-626,15.06.2022,Rīga,3500,5.13,12.83,0,8.65,7.6,1.43,11.4,0.83
PME2-730,15.06.2022,Rīga,2800,3.02,7.55,0,6,4.12,1.37,6.18,0.45
PME2-377,15.06.2022,Zemgale,4000,5.75,14.38,0,11,12.76,-4.77,19.14,1.39
PME2-737,15.06.2022,Rīga,4000,23.3,58.25,0,10,10.48,42.53,15.72,1.14
PME2-738,15.06.2022,Rīga,3500,6.15,15.38,1.7,10,10.17,0.12,15.26,1.11
PME2-629,15.06.2022,Zemgale,4000,4.8,12,0,10,5.77,3.35,8.66,0.63
PME2-709,13.06.2022,Zemgale,4000,12.62,31.55,0,10,9.33,17.56,14,1.02
PME2-733,15.06.2022,Rīga,4000,5.41,13.53,0,10.5,10.5,-2.23,15.75,1.14
PME2-689,14.06.2022,Rīga,3500,7.44,18.6,0,8,6.74,8.49,10.11,0.73
PME2-726,14.06.2022,Rīga,3500,8.03,20.08,0,8,8.25,7.7,12.38,0.9
PME2-719,13.06.2022,Rīga,4000,10.07,25.18,0,10,9.51,10.91,14.27,1.04
PME2-723,14.06.2022,Rīga,2800,5.43,13.58,0,6,6.4,3.98,9.6,0.7
PME2-671,14.06.2022,Vidzeme,3500,6.25,15.63,0,8,6.67,5.62,10.01,0.73
PME2-702,14.06.2022,Kurzeme,2200,2.08,5.2,0,4,3.76,-0.44,5.64,0.41
PME2-526,13.06.2022,Rīga,2800,6.58,16.45,0,6,5.4,8.35,8.1,0.59
PME2-708,10.06.2022,Rīga,2800,4.42,11.05,0,6,5.07,3.45,7.61,0.55
PME2-648,12.06.2022,Kurzeme,4000,5.97,14.93,0,10,12,-3.08,18,1.31
PME2-585,12.06.2022,Rīga,4000,12.5,31.25,0,10,8,19.25,12,0.87
PME2-668,11.06.2022,Rīga,3500,7.2,18,0,8,7.04,7.44,10.56,0.77
PME2-653,10.06.2022,Rīga,3200,4.03,10.08,0,7.5,8.1,-2.08,12.15,0.88
PME2-697,10.06.2022,Zemgale,3500,2.88,7.2,0,8.2,7.78,-4.47,11.67,0.85
PME2-693,10.06.2022,Latgale,1800,2.57,6.43,0,3.68,3.11,1.76,4.67,0.34
PME2-190,09.06.2022,Rīga,3200,0,0,0,7.02,0,0,0,0
PME2-528,09.06.2022,Zemgale,1800,2.18,5.45,0,3.6,3,0.95,4.5,0.33
PME2-667,09.06.2022,Rīga,2500,2.91,7.28,0,5,4.5,0.53,6.75,0.49
PME2-695,09.06.2022,Rīga,4000,11.86,29.65,0,10,12.18,11.38,18.27,1.33
PME2-669,09.06.2022,Zemgale,3500,1.01,2.53,0,8,6.63,-7.42,9.95,0.72
PME2-686,08.06.2022,Rīga,1400,4.76,11.9,0,2.02,1.7,9.35,2.55,0.19
PME2-497,08.06.2022,Rīga,3500,8.61,21.53,0,8.4,7.58,10.16,11.37,0.83
PME2-685,08.06.2022,Rīga,2500,2.73,6.83,0,5,4.1,0.68,6.15,0.45
PME2-242,08.06.2022,Rīga,4000,3.45,8.63,0,10,10.33,-6.87,15.5,1.13
PME2-681,08.06.2022,Rīga,2800,8.41,21.03,0,6,5.25,13.15,7.88,0.57
PME2-678,07.06.2022,Zemgale,2800,3.99,9.98,0,6,4.2,3.68,6.3,0.46
PME2-602,07.06.2022,Rīga,4000,4.46,11.15,0,10,10.85,-5.13,16.28,1.18
PME2-661,06.06.2022,Vidzeme,2200,3.19,7.98,0,4,3.85,2.2,5.78,0.42
PME2-664,06.06.2022,Rīga,2800,4.47,11.18,0,6,6,2.18,9,0.65
PME2-651,03.06.2022,Latgale,2800,4.52,11.3,0,6,5.88,2.48,8.82,0.64
PME2-514,06.06.2022,Rīga,4000,4.35,10.88,0,11.02,9,-2.63,13.5,0.98
PME2-644,05.06.2022,Kurzeme,2200,3.95,9.88,0,4,4,3.88,6,0.44
PME2-647,04.06.2022,Rīga,3500,7.9,19.75,0,8,7.67,8.25,11.51,0.84
PME2-588,03.06.2022,Rīga,2500,3.69,9.23,0,5,4.1,3.08,6.15,0.45
PME2-645,03.06.2022,Kurzeme,2800,6.76,16.9,0,6,7.07,6.3,10.61,0.77
PME2-503,02.06.2022,Rīga,2800,6.57,16.43,0,6,5.87,7.62,8.81,0.64
PME2-521,02.06.2022,Rīga,3500,2.57,6.43,0,8,6.41,-3.19,9.62,0.7
PME2-639,02.06.2022,Rīga,2800,11.38,28.45,0,6,5.6,20.05,8.4,0.61
PME2-620,02.06.2022,Rīga,2800,4.53,11.33,0,6,6.24,1.97,9.36,0.68
PME2-641,01.06.2022,Rīga,2800,4.41,11.03,0,6,5.1,3.38,7.65,0.56
PME2-643,02.06.2022,Rīga,4000,2.55,6.38,0,10,10.9,-9.98,16.35,1.19
PME2-624,02.06.2022,Latgale,4000,6.93,17.33,0,10,12.36,-1.22,18.54,1.35
PME2-614,01.06.2022,Rīga,2800,4.64,11.6,0,6,4.86,4.31,7.29,0.53
PME2-316,01.06.2022,Kurzeme,2800,11.29,28.23,0,6.95,7,17.73,10.5,0.76
PME2-549,24.05.2022,Rīga,4000,13.47,33.68,0,10,7.96,21.74,11.94,0.87
PME2-630,30.05.2022,Rīga,3500,9.16,22.9,0,8,7.37,11.85,11.06,0.8
PME2-409,31.05.2022,Rīga,3500,5.86,14.65,0,8,8.25,2.28,12.38,0.9
PME2-628,31.05.2022,Rīga,4000,7.97,19.93,0,10.1,9.2,6.13,13.8,1
PME2-590,30.05.2022,Kurzeme,4000,2.58,6.45,0,10,10,-8.55,15,1.09
PME2-619,30.05.2022,Vidzeme,3200,5.11,12.78,0,7,6.67,2.77,10.01,0.73
PME2-618,30.05.2022,Rīga,2800,4.58,11.45,0,6,5.6,3.05,8.4,0.61
PME2-616,29.05.2022,Rīga,2500,2.87,7.18,0,5,5,-0.32,7.5,0.55
PME2-612,28.05.2022,Zemgale,2800,2.68,6.7,0,6.4,5.9,-2.15,8.85,0.64
PME2-582,28.05.2022,Rīga,2800,4.77,11.93,0,6,7,1.43,10.5,0.76
PME2-609,27.05.2022,Rīga,3500,4.98,12.45,0,8,8.9,-0.9,13.35,0.97
PME2-562,27.05.2022,Zemgale,2800,5.2,13,0,6,6,4,9,0.65
PME2-600,26.05.2022,Rīga,2800,3.8,9.5,0,6,6,0.5,9,0.65
PME2-561,27.05.2022,Latgale,2200,3.67,9.18,0,4,4.8,1.98,7.2,0.52
PME2-578,26.05.2022,Latgale,3500,9.69,24.23,0,8,8.39,11.64,12.59,0.91
PME2-419,26.05.2022,Latgale,1800,2.97,7.43,0,3.68,3.16,2.69,4.74,0.34
PME2-599,26.05.2022,Rīga,2800,7.56,18.9,0,6,6,9.9,9,0.65
PME2-598,26.05.2022,Rīga,3500,6.9,17.25,0,8,7.43,6.11,11.15,0.81
PME2-594,26.05.2022,Rīga,2800,6.98,17.45,0,6,6.42,7.82,9.63,0.7
PME2-589,25.05.2022,Latgale,2200,5.07,12.68,0,4,5.2,4.88,7.8,0.57
PME2-586,25.05.2022,Zemgale,3200,6.84,17.1,0,7.5,7.5,5.85,11.25,0.82
PME2-583,24.05.2022,Rīga,3500,10.87,27.18,0,8,8.03,15.13,12.05,0.88
PME2-579,24.05.2022,Rīga,2500,2.62,6.55,0,5,5,-0.95,7.5,0.55
PME2-576,24.05.2022,Rīga,4000,8.97,22.43,0,10,10.79,6.24,16.19,1.18
PME2-487,24.05.2022,Rīga,2800,6.95,17.38,0,6,6.4,7.78,9.6,0.7
PME2-502,24.05.2022,Kurzeme,2500,4.64,11.6,0,5,5.25,3.73,7.88,0.57
PME2-564,23.05.2022,Kurzeme,4000,3.94,9.85,0,10,9.2,-3.95,13.8,1
PME2-570,23.05.2022,Rīga,1800,3.71,9.28,0,3,3.76,3.64,5.64,0.41
PME2-537,23.05.2022,Rīga,4000,8.74,21.85,0,10,9.4,7.75,14.1,1.02
PME2-566,22.05.2022,Rīga,2800,7.7,19.25,0,6,5.8,10.55,8.7,0.63
PME2-547,22.05.2022,Rīga,4000,16.2,40.5,0,10,10.6,24.6,15.9,1.16
PME2-300,21.05.2022,Rīga,2800,4.35,10.88,0,6,4.7,3.83,7.05,0.51
PME2-546,20.05.2022,Rīga,2800,7.17,17.93,0,6,7.24,7.07,10.86,0.79
PME2-423,20.05.2022,Latgale,1800,2.57,6.43,0,3.9,3.27,1.52,4.91,0.36
PME2-554,20.05.2022,Rīga,3500,4.78,11.95,0,8,6.63,2.01,9.95,0.72
PME2-265,19.05.2022,Rīga,3500,8.08,20.2,0,8,8.6,7.3,12.9,0.94
PME2-337,19.05.2022,Rīga,4000,10.76,26.9,0,10,10.89,10.57,16.34,1.19
PME2-531,19.05.2022,Rīga,4000,11.96,29.9,0,11,10,14.9,15,1.09
PME2-508,19.05.2022,Latgale,3500,6.1,15.25,0,8,6.67,5.25,10.01,0.73
PME2-536,18.05.2022,Rīga,2500,4.54,11.35,0,5,5,3.85,7.5,0.55
PME2-203,18.05.2022,Rīga,2800,3.42,8.55,0,6,5.5,0.3,8.25,0.6
PME2-532,18.05.2022,Vidzeme,2800,2.05,5.13,0,6.6,6,-3.88,9,0.65
PME2-293,18.05.2022,Rīga,4000,3.93,9.83,0,11,11.1,-6.83,16.65,1.21
PME2-476,18.05.2022,Rīga,4000,23.97,59.93,0,11,11.8,42.23,17.7,1.29
PME2-524,17.05.2022,Rīga,4000,18.53,46.33,0,11,11,29.83,16.5,1.2
PME2-525,17.05.2022,Rīga,4000,14.72,36.8,0,11,11,20.3,16.5,1.2
PME2-506,17.05.2022,Rīga,4000,4.05,10.13,0,10,2.94,5.72,4.41,0.32
PME2-177,17.05.2022,Rīga,2800,4.63,11.58,0,6,4.23,5.23,6.35,0.46
PME2-522,17.05.2022,Rīga,3500,8.25,20.63,0,8,7.06,10.04,10.59,0.77
PME2-518,16.05.2022,Kurzeme,3500,5.83,14.58,0,8,6.67,4.57,10.01,0.73
PME2-512,17.05.2022,Zemgale,2500,3.05,7.63,0,5,4,1.63,6,0.44
PME2-504,16.05.2022,Rīga,2800,3.33,8.33,0,6,5.76,-0.32,8.64,0.63
PME2-516,16.05.2022,Kurzeme,3500,4.07,10.18,0,8,4.8,2.98,7.2,0.52
PME2-468,16.05.2022,Rīga,2800,4.19,10.48,0,6.93,7.65,-1,11.48,0.83
PME2-493,13.05.2022,Rīga,3500,6.28,15.7,0,8.3,7.18,4.93,10.77,0.78
PME2-494,13.05.2022,Rīga,1800,2.98,7.45,0.4,4,3.01,2.94,4.52,0.33
PME2-500,13.05.2022,Rīga,4000,12.86,32.15,0,11,10,17.15,15,1.09
PME2-451,13.05.2022,Rīga,3500,5.83,14.58,0,8,8,2.58,12,0.87
PME2-499,13.05.2022,Rīga,2800,4.49,11.23,0,6,5.85,2.45,8.78,0.64
PME2-410,13.05.2022,Rīga,3500,4.96,12.4,0,8,7.2,1.6,10.8,0.78
PME2-474,13.05.2022,Rīga,2800,5.36,13.4,0,6,5.81,4.69,8.72,0.63
PME2-473,13.05.2022,Rīga,4000,9.9,24.75,0,10,10.18,9.48,15.27,1.11
PME2-492,12.05.2022,Rīga,4000,14.75,36.88,0,11.1,12,18.88,18,1.31
PME2-472,12.05.2022,Zemgale,2200,3.44,8.6,0,4.8,4,2.6,6,0.44
PME2-353,12.05.2022,Rīga,4000,3.4,8.5,0,10,9,-5,13.5,0.98
PME2-456,12.05.2022,Rīga,4000,10.11,25.28,0,11,10,10.28,15,1.09
PME2-210,12.05.2022,Zemgale,4000,9.41,23.53,0,11.1,11.78,5.86,17.67,1.28
PME2-455,12.05.2022,Zemgale,4000,6.53,16.33,0,11,10.65,0.35,15.98,1.16
PME2-274,12.05.2022,Rīga,3500,7.34,18.35,0,8,8.58,5.48,12.87,0.94
PME2-264,12.05.2022,Rīga,2800,5.77,14.43,0,6,5.28,6.51,7.92,0.58
PME2-281,12.05.2022,Rīga,2800,6.07,15.18,0,6,6.16,5.94,9.24,0.67
PME2-433,11.05.2022,Rīga,2500,4.12,10.3,0,5,3.9,4.45,5.85,0.43
PME2-368,11.05.2022,Kurzeme,3200,6.6,16.5,0,7.5,6.75,6.38,10.13,0.74
PME2-411,11.05.2022,Rīga,2800,5.5,13.75,0,6,5.6,5.35,8.4,0.61
PME2-478,11.05.2022,Rīga,4000,6.94,17.35,0,10,11,0.85,16.5,1.2
PME2-374,11.05.2022,Rīga,2800,4.33,10.83,0,6,5.5,2.58,8.25,0.6
PME2-153,11.05.2022,Rīga,2800,3.92,9.8,0,6,5.93,0.91,8.9,0.65
PME2-378,11.05.2022,Rīga,4000,5.95,14.88,0,10,9.38,0.81,14.07,1.02
PME2-122,11.05.2022,Rīga,3500,6.14,15.35,0,8,7.92,3.47,11.88,0.86
PME2-418,10.05.2022,Rīga,2800,3.56,8.9,0,6,5.69,0.36,8.54,0.62
PME2-465,10.05.2022,Rīga,2200,7.28,18.2,0,4,3.73,12.61,5.6,0.41
PME2-463,10.05.2022,Rīga,2200,3.78,9.45,0,4,4,3.45,6,0.44
PME2-464,09.05.2022,Rīga,4000,3.9,9.75,0,10,8,-2.25,12,0.87
PME2-466,10.05.2022,Rīga,2500,3.71,9.28,0,5,4.46,2.59,6.69,0.49
PME2-106,09.05.2022,Rīga,2800,4.21,10.53,0,6,4.88,3.21,7.32,0.53
PME2-434,06.05.2022,Rīga,4000,7.94,19.85,0,10,9.17,6.1,13.76,1
PME2-437,07.05.2022,Rīga,4000,4.77,11.93,0,11.02,9.17,-1.83,13.76,1
PME2-185,09.05.2022,Vidzeme,2800,6.61,16.53,0,6,4.8,9.33,7.2,0.52
PME2-452,09.05.2022,Rīga,3500,9.28,23.2,0,8.6,8.35,10.68,12.53,0.91
PME2-428,09.05.2022,Rīga,3500,7.99,19.98,0,8.25,0,19.98,0,0
PME2-436,08.05.2022,Rīga,2800,7.23,18.08,0,6.24,5.25,10.2,7.88,0.57
PME2-398,09.05.2022,Rīga,1800,3.27,8.18,0,3.7,0,8.18,0,0
PME2-412,08.05.2022,Rīga,4000,15.03,37.58,0,11.1,10.48,21.86,15.72,1.14
PME2-425,08.05.2022,Rīga,1800,3.38,8.45,0,3,3.16,3.71,4.74,0.34
PME2-195,06.05.2022,Rīga,3500,6.38,15.95,0,8,8.58,3.08,12.87,0.94
PME2-331,06.05.2022,Rīga,4000,17.59,43.98,0,10,9,30.48,13.5,0.98
PME2-430,06.05.2022,Rīga,3500,6.15,15.38,1.55,10,0,15.38,0,0
PME2-426,06.05.2022,Rīga,2500,4.56,11.4,0,5,4.8,4.2,7.2,0.52
PME2-427,06.05.2022,Rīga,3500,8.19,20.48,0,8,7.48,9.26,11.22,0.82
PME2-375,06.05.2022,Zemgale,2200,5.28,13.2,0,4,5.25,5.33,7.88,0.57
PME2-413,05.05.2022,Rīga,2800,5.81,14.53,0,6,4.3,8.08,6.45,0.47
PME2-370,03.05.2022,Kurzeme,2200,3.19,7.98,0,4,0,7.98,0,0
PME2-408,06.05.2022,Zemgale,3500,7.23,18.08,0,8,8.25,5.7,12.38,0.9
PME2-406,06.05.2022,Kurzeme,2500,6.07,15.18,0,5.55,4.68,8.16,7.02,0.51
PME2-105,06.05.2022,Vidzeme,1400,1.39,3.48,0,2,1.5,1.23,2.25,0.16
PME2-383,03.05.2022,Zemgale,4000,2.82,7.05,0,10,9.42,-7.08,14.13,1.03
PME2-197,05.05.2022,Kurzeme,2800,4.25,10.63,0,6.4,5.33,2.63,8,0.58
PME2-367,05.05.2022,Rīga,3500,5.07,12.68,0,8,0,12.68,0,0
PME2-86,05.05.2022,Rīga,2500,2.12,5.3,0,5,3.5,0.05,5.25,0.38
PME2-404,05.05.2022,Rīga,4000,9.35,23.38,0,10.8,11.66,5.89,17.49,1.27
PME2-135,05.05.2022,Rīga,2800,2.08,5.2,0,6,5.63,-3.25,8.45,0.61
PME2-403,05.05.2022,Zemgale,4000,9.97,24.93,0,10,6.55,15.1,9.83,0.71
PME2-399,05.05.2022,Kurzeme,2200,2.68,6.7,0,4,3.75,1.08,5.63,0.41
PME2-396,05.05.2022,Kurzeme,3500,5.49,13.73,0,8,8.25,1.35,12.38,0.9
PME2-130,05.05.2022,Rīga,2200,3.76,9.4,0,4,4.5,2.65,6.75,0.49
PME2-393,04.05.2022,Rīga,4000,4.18,10.45,0,10,9.5,-3.8,14.25,1.04
PME2-389,04.05.2022,Vidzeme,4000,4.01,10.03,0,11,0,10.03,0,0
PME2-381,04.05.2022,Rīga,3500,10.65,26.63,0,8,7.5,15.38,11.25,0.82
PME2-354,04.05.2022,Rīga,4000,14.47,36.18,0,11,10,21.18,15,1.09
PME2-71,04.05.2022,Rīga,1800,4.41,11.03,0,3.8,3.8,5.33,5.7,0.41
PME2-47,04.05.2022,Vidzeme,2800,2.73,6.83,0,6,4,0.83,6,0.44
PME2-317,03.05.2022,Rīga,3500,3.53,8.83,0,8,5.42,0.69,8.13,0.59
PME2-194,03.05.2022,Zemgale,3500,4.94,12.35,0,8,7.49,1.12,11.24,0.82
PME2-382,03.05.2022,Rīga,2200,4.19,10.48,0,4,4.52,3.7,6.78,0.49
PME2-321,03.05.2022,Rīga,2200,5.79,14.48,3.68,8,7.8,2.78,11.7,0.85
PME2-348,03.05.2022,Latgale,2200,2.14,5.35,0,4,,5.35,0,0
PME2-364,02.05.2022,Zemgale,4000,5,12.5,0,10,0,12.5,0,0
PME2-85,03.05.2022,Rīga,2800,3.84,9.6,0,6,0,9.6,0,0
PME2-260,02.05.2022,Rīga,4000,20,50,0,10,0,50,0,0
PME2-132,02.05.2022,Rīga,4000,20.85,52.13,0,10,8.52,39.35,12.78,0.93
PME2-241,02.05.2022,Rīga,2800,4.83,12.08,0,6,5.4,3.98,8.1,0.59
PME2-326,02.05.2022,Rīga,4000,12.83,32.08,0,11.1,11.9,14.23,17.85,1.3
PME2-275,02.05.2022,Rīga,2800,3.79,9.48,0,6,4.37,2.92,6.56,0.48
PME2-249,02.05.2022,Rīga,3500,9.7,24.25,0,8,8,12.25,12,0.87
PME2-108,02.05.2022,Rīga,3200,5.83,14.58,0,7,6.67,4.57,10.01,0.73
PME2-42,01.05.2022,Rīga,4000,10.3,25.75,0,10,10.79,9.57,16.19,1.18
PME2-332,01.05.2022,Zemgale,3500,7.37,18.43,0,8,7.55,7.1,11.33,0.82
PME2-287,29.04.2022,Kurzeme,2500,4.39,10.98,0,5,5.18,3.21,7.77,0.56
PME2-298,29.04.2022,Zemgale,3200,3.27,8.18,0,7,4,2.18,6,0.44
PME2-299,29.04.2022,Rīga,2500,6.95,17.38,0,5,5.82,8.65,8.73,0.63
PME2-230,29.04.2022,Rīga,2200,4.71,11.78,0,4,4.7,4.73,7.05,0.51
PME2-124,29.04.2022,Rīga,2500,6.94,17.35,0,5,4.6,10.45,6.9,0.5
PME2-107,29.04.2022,Rīga,2800,4.39,10.98,0,6,5.36,2.94,8.04,0.58
PME2-136,29.04.2022,Rīga,2800,4.61,11.53,0,6,6.42,1.9,9.63,0.7
PME2-306,29.04.2022,Kurzeme,3500,10.38,25.95,0,8,9.75,11.33,14.63,1.06
PME2-312,29.04.2022,Rīga,4000,10.11,25.28,0,10,10.2,9.98,15.3,1.11
PME2-257,29.04.2022,Rīga,4000,3.51,8.78,0,10.8,10,-6.23,15,1.09
PME2-311,29.04.2022,Rīga,4000,28.33,70.83,0,11,10.5,55.08,15.75,1.14
PME2-213,29.04.2022,Rīga,2800,8.43,21.08,0,6,5,13.58,7.5,0.55
PME2-273,29.04.2022,Rīga,3500,6.99,17.48,0,8,8.58,4.61,12.87,0.94
PME2-128,29.04.2022,Rīga,2500,5.66,14.15,0,5.3,5.05,6.58,7.58,0.55
PME2-44,29.04.2022,Vidzeme,4000,20.34,50.85,0,10,10,35.85,15,1.09
PME2-302,29.04.2022,Rīga,4000,17.53,43.83,0,11,11.33,26.83,17,1.23
PME2-286,28.04.2022,Rīga,1800,5.54,13.85,0,3.5,2.64,9.89,3.96,0.29
PME2-164,28.04.2022,Rīga,2200,7.23,18.08,0,4,4.5,11.33,6.75,0.49
PME2-156,28.04.2022,Rīga,4000,6.84,17.1,0,11,8.67,4.1,13.01,0.95
PME2-151,28.04.2022,Rīga,2200,7.48,18.7,0,4,4.33,12.21,6.5,0.47
PME2-138,28.04.2022,Vidzeme,1800,3.36,8.4,0,3.68,0,8.4,0,0
PME2-115,28.04.2022,Kurzeme,3800,6.5,16.25,0,9.4,9.72,1.67,14.58,1.06
PME2-198,28.04.2022,Rīga,2800,5.95,14.88,0,6.4,0,14.88,0,0
PME2-129,28.04.2022,Vidzeme,2800,3.96,9.9,0,6,6.58,0.03,9.87,0.72
PME2-208,28.04.2022,Rīga,2800,17.75,44.38,0,6.4,6.3,34.93,9.45,0.69
PME2-117,28.04.2022,Rīga,2200,7.63,19.08,0,4.5,3.34,14.07,5.01,0.36
PME2-180,28.04.2022,Zemgale,3800,14.37,35.93,0,9,9.72,21.35,14.58,1.06
PME2-215,27.04.2022,Zemgale,2200,3.47,8.68,0,4,3.7,3.13,5.55,0.4
PME2-214,27.04.2022,Rīga,3500,10.05,25.13,0,8.4,7.41,14.01,11.12,0.81
PME2-229,28.04.2022,Kurzeme,4000,7.91,19.78,0,11,10.23,4.43,15.35,1.12
PME2-218,27.04.2022,Rīga,4000,9.08,22.7,0,10,10.25,7.33,15.38,1.12
PME2-58,27.04.2022,Zemgale,2800,2.75,6.88,0,6.4,0,6.88,0,0
PME2-100,27.04.2022,Kurzeme,4000,6.64,16.6,0,10,10,1.6,15,1.09
PME2-200,27.04.2022,Zemgale,2800,6.02,15.05,0,6.4,5.97,6.1,8.96,0.65
PME2-45,27.04.2022,Zemgale,2800,4.7,11.75,0,6.8,5.74,3.14,8.61,0.63
PME2-88,27.04.2022,Rīga,2500,3.47,8.68,0,5.6,4.7,1.63,7.05,0.51
PME2-209,27.04.2022,Rīga,4000,9.87,24.68,0,10,10.8,8.48,16.2,1.18
PME2-207,27.04.2022,Rīga,4000,8.99,22.48,8,8000,0,22.48,0,0
PME2-126,27.04.2022,Rīga,4000,11.08,27.7,0,10.4,9.7,13.15,14.55,1.06
PME2-163,27.04.2022,Kurzeme,4000,4.38,10.95,0,10,7.1,0.3,10.65,0.77
PME2-56,27.04.2022,Kurzeme,1000,1.66,4.15,0,1.5,0,4.15,0,0
PME2-170,27.04.2022,Rīga,4000,2.86,7.15,0,10,7.79,-4.54,11.69,0.85
PME2-192,27.04.2022,Zemgale,2200,2.58,6.45,0,4,3.85,0.68,5.78,0.42
PME2-55,27.04.2022,Zemgale,2500,4.39,10.98,0,5.6,5.11,3.31,7.67,0.56
PME2-144,27.04.2022,Vidzeme,2800,2.1,5.25,0,6,5.04,-2.31,7.56,0.55
PME2-193,27.04.2022,Rīga,3500,9.34,23.35,0,8,7.6,11.95,11.4,0.83
PME2-182,27.04.2022,Rīga,3500,8.19,20.48,0,8,6.5,10.73,9.75,0.71
PME2-174,27.04.2022,Kurzeme,4000,3.69,9.23,0,11,10.2,-6.08,15.3,1.11
PME2-77,27.04.2022,Rīga,2500,6.12,15.3,0,5,4.89,7.97,7.34,0.53
PME2-191,27.04.2022,Rīga,4000,3.77,9.43,0,10,10.5,-6.33,15.75,1.14
PME2-99,27.04.2022,Rīga,4000,6.12,15.3,0,11,11,-1.2,16.5,1.2
PME2-7,27.04.2022,Latgale,1800,3.65,9.13,0,3.6,3.6,3.73,5.4,0.39
PME2-159,27.04.2022,Zemgale,2800,9.01,22.53,0,6,6.75,12.4,10.13,0.74
PME2-160,27.04.2022,Latgale,3500,7.74,19.35,0,8,8.25,6.98,12.38,0.9
PME2-109,27.04.2022,Latgale,3500,5.17,12.93,0,8.5,8,0.93,12,0.87
PME2-116,27.04.2022,Rīga,2500,3.59,8.98,0,5,4,2.98,6,0.44
PME2-70,27.04.2022,Rīga,2500,2.69,6.73,0,5,3.34,1.72,5.01,0.36
PME2-8,27.04.2022,Latgale,1400,2.87,7.18,0,2,1.5,4.93,2.25,0.16
PME2-15,27.04.2022,Rīga,4000,7.72,19.3,0,11.1,9.97,4.35,14.96,1.09
PME2-64,27.04.2022,Rīga,2500,5.19,12.98,0,5.6,5.26,5.09,7.89,0.57
PME2-111,27.04.2022,Vidzeme,1800,1.99,4.98,0,3,2.7,0.93,4.05,0.29
PME2-40,27.04.2022,Zemgale,3500,7.27,18.18,0,8,7.43,7.03,11.15,0.81
PME2-31,27.04.2022,Rīga,4000,11.74,29.35,0,10,8.36,16.81,12.54,0.91
PME2-89,27.04.2022,Rīga,2800,4.79,11.98,0,6,5.03,4.43,7.55,0.55
PME2-112,27.04.2022,Rīga,3200,4.33,10.83,0,7.2,5.88,2.01,8.82,0.64
PME2-141,27.04.2022,Rīga,4000,10.22,25.55,0,11,12.68,6.53,19.02,1.38
PME2-121,27.04.2022,Rīga,3500,5.6,14,0,8,0,14,0,0
PME2-123,27.04.2022,Rīga,4000,23.63,59.08,0,10.5,10.5,43.33,15.75,1.14
PME2-48,27.04.2022,Zemgale,3200,4.01,10.03,0,7.38,6.5,0.27,9.75,0.71
PME2-114,27.04.2022,Rīga,3500,4.55,11.38,0,8.65,7.33,0.38,11,0.8
PME2-65,27.04.2022,Rīga,1800,3.53,8.83,0,3.75,3.75,3.2,5.63,0.41
PME2-26,27.04.2022,Rīga,4000,7.73,19.33,0,11.02,10.6,3.43,15.9,1.16
PME2-76,27.04.2022,Rīga,4000,6.51,16.28,0,10,6.81,6.06,10.22,0.74
PME2-67,27.04.2022,Zemgale,3500,2.7,6.75,0,8.6,8.18,-5.52,12.27,0.89
PME2-73,27.04.2022,Rīga,2800,5.03,12.58,0,6.9,6.46,2.89,9.69,0.7
PME2-81,27.04.2022,Rīga,4000,14.83,37.08,0,10,8.86,23.79,13.29,0.97
PME2-95,27.04.2022,Rīga,4000,15.02,37.55,0,10,9.31,23.59,13.97,1.01
PME2-53,27.04.2022,Rīga,3500,10.54,26.35,0,8.2,8.1,14.2,12.15,0.88
PME2-61,27.04.2022,Rīga,2500,4.32,10.8,0,5.6,4.73,3.71,7.1,0.52
PME2-92,27.04.2022,Rīga,4000,10.07,25.18,0,10,10.53,9.38,15.8,1.15
PME2-80,27.04.2022,Rīga,4000,16.6,41.5,0,10,0,41.5,0,0
PME2-83,27.04.2022,Rīga,3500,8.24,20.6,0,8.6,8.04,8.54,12.06,0.88
PME2-37,27.04.2022,Vidzeme,2500,4.94,12.35,0,5.6,4.59,5.47,6.89,0.5
PME2-103,27.04.2022,Rīga,3200,7.57,18.93,0,7.2,6,9.93,9,0.65
PME2-50,27.04.2022,Vidzeme,4000,10.89,27.23,0,11,9.9,12.38,14.85,1.08
PME2-18,27.04.2022,Rīga,4000,6.77,16.93,0,11.1,10.8,0.72,16.2,1.18
PME2-82,27.04.2022,Rīga,2500,4.76,11.9,0,5.2,5.2,4.1,7.8,0.57
PME2-51,27.04.2022,Rīga,4000,10.65,26.63,0,10,10,11.63,15,1.09
PME2-66,27.04.2022,Rīga,4000,5.31,13.28,0,10,10.45,-2.4,15.68,1.14
PME2-68,27.04.2022,Rīga,2800,5.22,13.05,0,6,5.45,4.88,8.18,0.59
PME2-49,27.04.2022,Rīga,4000,12.09,30.23,0,10.8,9,16.73,13.5,0.98
PME2-63,27.04.2022,Rīga,3500,4,10,0,8.5,7.5,-1.25,11.25,0.82
PME2-75,27.04.2022,Rīga,2200,3.4,8.5,0,4.5,4.5,1.75,6.75,0.49
PME2-60,27.04.2022,Rīga,2200,3.56,8.9,0,4,4.09,2.77,6.14,0.45
PME2-52,27.04.2022,Vidzeme,2200,2.85,7.13,0,4,3.33,2.13,5,0.36
PME2-6,27.04.2022,Rīga,2800,4.34,10.85,0,6,4.7,3.8,7.05,0.51
PME2-62,27.04.2022,Kurzeme,4000,5.5,13.75,0,11.1,10.5,-2,15.75,1.14
PME2-79,27.04.2022,Rīga,3500,8.43,21.08,0,8,10.53,5.28,15.8,1.15
PME2-11,27.04.2022,Kurzeme,3500,3.93,9.83,0,8,5.25,1.95,7.88,0.57
PME2-4,27.04.2022,Rīga,2500,5.22,13.05,0,5,5,5.55,7.5,0.55
PME2-23,27.04.2022,Latgale,2200,2.55,6.38,0,4.74,3.38,1.31,5.07,0.37
PME2-9,27.04.2022,Rīga,4000,10.6,26.5,0,11.1,10.54,10.69,15.81,1.15
PME2-19,27.04.2022,Zemgale,4000,8.79,21.98,0,11,10,6.98,15,1.09
PME2-27,27.04.2022,Rīga,3500,7.35,18.38,0,8,7.84,6.62,11.76,0.85
PME2-20,27.04.2022,Rīga,2500,3.12,7.8,0,5,5.6,-0.6,8.4,0.61
PME2-36,27.04.2022,Rīga,3500,5.35,13.38,0,8,7.41,2.26,11.12,0.81
PME2-30,27.04.2022,Rīga,4000,6.58,16.45,0,10,12.23,-1.9,18.35,1.33
PME2-22,27.04.2022,Zemgale,4000,7.59,18.98,0,10.4,7.79,7.29,11.69,0.85
PME2-29,27.04.2022,Rīga,2800,6.96,17.4,0,6,6.4,7.8,9.6,0.7
PME2-21,27.04.2022,Rīga,2800,4.2,10.5,0,6.4,5.3,2.55,7.95,0.58
PME2-24,27.04.2022,Rīga,4000,7.89,19.73,0,10,12,1.73,18,1.31
PME2-32,27.04.2022,Rīga,4000,3.76,9.4,0,10,10,-5.6,15,1.09
PME2-10,27.04.2022,Rīga,3200,11.23,28.08,0,7.4,6.9,17.73,10.35,0.75
